Type,Name,Request Count,Failure Count,Median Response Time,Average Response Time,Min Response Time,Max Response Time,Average Content Size,Requests/s,Failures/s,50%,66%,75%,80%,90%,95%,98%,99%,99.9%,99.99%,100%
POST,long-rag,1,0,36904.086700000335,36904.086700000335,36904.086700000335,36904.086700000335,334.0,0.016834861663951917,0.0,37000,37000,37000,37000,37000,37000,37000,37000,37000,37000,37000
POST,short,4,0,26000,34338.520499999504,13466.489999998885,55359.54640000273,600.25,0.06733944665580767,0.0,42000,42000,55000,55000,55000,55000,55000,55000,55000,55000,55000
,Aggregated,5,0,37000,34851.63373999967,13466.489999998885,55359.54640000273,547.0,0.08417430831975958,0.0,37000,42000,42000,55000,55000,55000,55000,55000,55000,55000,55000
