Type,Name,Request Count,Failure Count,Median Response Time,Average Response Time,Min Response Time,Max Response Time,Average Content Size,Requests/s,Failures/s,50%,66%,75%,80%,90%,95%,98%,99%,99.9%,99.99%,100%
POST,long-rag,1,0,12976.526500002365,12976.526500002365,12976.526500002365,12976.526500002365,296.0,0.01804582803854595,0.0,13000,13000,13000,13000,13000,13000,13000,13000,13000,13000,13000
POST,short,7,0,31000,29565.494157143152,3916.877299998305,49377.82529999822,432.0,0.12632079626982165,0.0,31000,33000,37000,37000,49000,49000,49000,49000,49000,49000,49000
,Aggregated,8,0,26000,27491.873200000555,3916.877299998305,49377.82529999822,415.0,0.1443666243083676,0.0,31000,33000,37000,37000,49000,49000,49000,49000,49000,49000,49000
